,comment
0,哈哈哈哈我要站郑少女跟柳演锡这对！！！（站错（摔———
1,品质保证:中国追孔笙，韩国看申源浩
2,这部片子在这个时间点播出，对于韩国和中国来说，都别有一番滋味在心头
3,申源浩导演擅长在既有类型中做些许改良工作，保持圆润基础上有局部创新，所以拍的剧豆瓣一般都能上9分。这部同样，首集下来仍是医护行业剧老套路，但很多细节又是新颖的。
4,第一集就神仙阵容公布大半，机智的请回答宇宙！德善爸跟金社长居然是亲兄弟哈哈哈哈，曹政奭的出场笑死我了，无处不在的小细节和彩蛋，别拍三季，拍三十季好吗？
5,不要随便站cp，往往磕的爽的，最后都不能成（狗善党的执念...‖04.17果然我没错！！！一开始就站的颂华翼俊，双向暗恋真的，求求你们了，一定要在一起啊啊，张冬天医生也冲冲冲！
6,有人情味的作品，在我看来这部剧没有主角，因为所有出场的角色都是主人公，他们有喜有悲鲜活且饱满让人难忘，这也是李有静远强于其他南韩编剧的最牛逼的地方。
7,"世事难料，没想到有一天 成东日和七封成了亲兄弟。

郑少女的脸太紧致了，皮包骨了。看起来朋友圈中年纪最小。"
8,2020年3月12日，韩国中央防疫对策本部通报，截至当天零时，韩国较前一天零时新增114例新冠病毒肺炎确诊病例，累计确诊人数达到7869人，死亡病例累计达到67例。—— 晚上八点机智医准时开播。目前来说，剧本好与不好，收视率如何都不是很重要，希望剧组安全。毕竟都是我们爱的欧巴。
9,今天就要播出啦！wuli郑少女新剧啊啊啊啊啊啊啊🥰🥰冲冲冲！                                                        刚去看了哈哈哈哈 是申导的风格！这次背景音换成鸡叫了哈哈哈哈哈哈还有还有wuli 郑少女戴眼镜真的太帅了！🤩🤩
10,演员不用说，每个人的性格一下就出来了，五个人的组合很有火花。导演对节奏的掌握太好了，收放自如，泪点与笑点的完美结合，镜头的起承转合设计的也好。每周一集，开始美剧的套路，但是韩剧又有自成一派的风格。已经吹不动了，太好看了！另外小刀变身软萌可爱多金又不炫耀的儿科医生，对孩子充满爱的眼神和行为，对这样的男人没有抵抗力！预测少女和女主有情感纠葛……
11,四个男演员全是我的菜！期待死！就是今天了，冲呀！！！
12,疫情之下，这部聚焦医生生活的剧尤其应景，沉稳的色调，恰到好处的BGM，熟悉的感觉扑面而来，看得出来五位演员对角色的挖掘都很用心，棱角分明的性格碰撞起来应该会很有趣，“是医生也是普通人”，能预感到后面一个又一个精彩温情的小故事了，相信能成为申导的又一部经典之作（Ps:戴眼镜的郑少女实在是太可爱了
13,等了这么久！！！郑少女！啊啊啊啊！！七封！啊啊啊啊啊！！
14,2020/30 我们国家的医疗剧何时能有这样的好剧本呢？专注于每一个医生患者内心的解剖，而不是恋爱恋爱恋爱，哪那么多恋爱可谈啊，都是套着医疗剧的偶像剧。最后郑医生在酒馆哭诉的地方，“我不配做医生，我什么都不会，笨蛋笨蛋”我都感觉说的是我自己，无时无刻都在否定自己，以前我觉得我是一个挺开朗的人，后期想一些奇奇怪怪的想法做了很多测试一度以为自己得抑郁症了，那种病人死掉后的无力感，很多人总觉得医生看多了就冰冷了，可我和郑医生一样啊，太容易共情了，同情这个患者同情那个患者，自己也真的很痛苦，那种感受是就是空洞洞的无力感。我记得我医学生涯第一个患者因为没钱住的起icu拔管了，我也记得那个切除一侧乳房又再次复发的皮包骨的中年妇女，在等待检查结果手术室里和师哥讨论生死，也记得10岁花季少女开胸时候的难过…
15,曹政奭99年那撮刘海太风骚 达斯维达戴手术帽笑尿我233333
16,瞧瞧人家的职场剧，真的是笑点与泪点齐飞
17,太温吞，目前想照顾的面有点大，但专业性又不太够，医疗剧不应该只为展现生离死别的画面而存在。
18,第1集，头盔是神来之笔。
19,其实单论第一集直接五颗星还是有点冲动。但这节奏这叙事再加上这五位火花四射的卡司，求拍个100集日常可不可以！！！！P.S.郑少女怎么能每一部剧都刷新一次颜值呢？另，五人组唯一的女性角色毫不逊色，这点很赞。完结打卡：世间悲苦交织，唯有温暖的人聚在一起才能如此美好；每集都很好哭，每个人物都很立体，每条感情线都很有特点。第二季求快来！！
20,目前看来只能打三星。第一集节奏又快又乱。多线叙事能增加可看性，但是导演没掌握好。请了这么多优秀的演员，如果这部剧一直是这种水准的话，真的是浪费了。感觉我真的是白期待了这么久。而且品质的保证并不是申导演，而是李有静编剧啊。
21,用你们的话说，是熟悉的配方，但绝对不是熟悉的味道。
22,5星先放这儿了，不够再补
23,那个后援会叫长腿叔叔后援会   第一集后面讲长腿叔叔就是七封啊 这名字起得太用心了好叭
24,是我的问题吗，我觉得有点难看…乱七八糟一锅炖？如果追求写实医疗剧，还不如直接看纪录片，急症室故事系列，生门，人间世系列都很好看……（别打我，我是88粉和监狱生活粉）
25,乱糟糟的，支线太多，陪演太多，暂弃观察
26,看了第一集。首先故事的人设，四男一女，让我想起《请回答1988》，只是女主眼生。虽然也不难看，但是没有德善的亲切和讨喜。其次，他们的名字好难记啊，是编剧的原因吗？如此就证明，必须不能给角色取生僻绕口的名字，否则影响观感。再次，没有猜到安家三公子是柳演锡（尽管他的外形最适合富家公子），我一直在猜是曹政奭。最后，安家的人设简直太搞笑。从母亲金海淑，到长子成东日次子金成均，还没说台词就超级有喜感。最让人捧腹的是解释为何是三子继承医院的原因：原来两个哥哥两个姐姐都去伺候人去了，而且还是同一个人。而结尾，原来柳演锡也有伺候人的欲望，幸亏没有实现，否则他们安家真的都是神经病，让安妈妈情何以堪，不能让政治婚姻太失败。
27,和前作相比真的很一般很一般 套路化明显 而且这个播放节奏我到现在也记不全五个主角的名字 剪辑节奏太有问题了 之前真的非常期待 现在有点失望
28,现在这种情况下，看医疗剧好应景啊！开篇铺陈不错，几个主角性格也鲜明。对请回答的班底充满期待！后面肯定会非常精彩~
29,烂透了
30,第一集没看出来有啥好的，很一般的医疗剧
31,导演不会让人失望
32,申导要是后面不开大这么烂的开局真的没眼看
33,并不好看啊
34,3集弃……感觉跟机智牢房监狱完全不是一个水准啊，剧情真的是毫无亮点，节奏慢支线乱，演员再好也撑不起啊！
35,这个剧真的烦死人了，每当我被剧情搞得嚎啕大哭的时候，突然就转折出了笑点，来来回回这么搞，我都快觉得自己是傻X了🤪行叭我懂了，禁止感动［这熟悉的味道］，编剧真的太会抓节奏了！牛逼！而且完全没有走俗套的职场斗争路线，果真都是“机智”的医生们啊！
36,4.5；看过几集即弃真可惜，五集过后越发精彩，不同于一般医疗剧，更多围绕五人组20年来的珍贵友谊展开，辅以各自家庭问题与情感困扰，打造了一个细腻而真实的友情天地，虽说五个性格迥异然而无比和谐有默契的老友居然能聚在一起工作近乎童话，但这份情谊着实太动人了，尤其是繁忙工作之余仍不忘初心组乐队练歌，的确是共同拥有有趣灵魂的人才能做真正的朋友。医护人员与患者的副线也都安排得妥帖紧凑，每张病床都蕴含了人间悲喜，病房外的故事千千万万，实习生认出当年女主教授真是太好哭了！感情戏穿插得恰到好处、点到为止，不喧宾夺主，为悲情戏份调整节奏。这样机智的日常请拍一百集，坐等第二季。
37,"虽然演员都是我爱的。但是单纯从第一集来看，尬夸的有点过分了。
几位主演我都非常喜欢，但是我依旧觉得没有那么好。
首先，单纯医疗题材好看的剧比这个精彩的多了……柳演锡的浪漫医生金师傅就比这部好看。甚至柳演锡人物更加细腻。
申导主要是讲诉人与人之间的亲情、友情很厉害。共情能力很强。但是第一集说实话，并没有太看出来人物之间的情感关系。抒情不及请回答和监狱。
虽然我也看好后期，但是一开始就尬夸是有点过分了。"
38,这剧有这么好看？第一集看下来就是流水账而已。
39,三集弃。和前作全然没有可比性。当导演和团队选择了一个有无数珠玉在前的题材，却无法做到如前作那样精妙的细节和生动的人物塑造，无趣是必然的，因为像过去那样由题材带来的新鲜感也已经不再是优势。一个一周更一集的剧，看了三集主线不清，出场人物众多却都面目模糊，形象片面毫无记忆点，剧中的几起医疗事件既没有抓住现实生活的脉络，也没能很好的体现主角们的性格和能力，可能就只有女主的魅力多少有展现出来。想要学习美剧的模式，以韩剧的方式来呈现真的难以接受。我完全无法理解这个剧的评分。大家是没看过韩剧还是没看过导演的前作或是没看过医疗剧？郑京浩戴眼镜这种长在我审美点上的造型也无法打动我了，我自己都觉得可惜。
40,"最喜欢这种多主人公的剧了，剧情不只聚焦于男一女一，剧中的每个主角每个配角看起来都是有血有肉的。他（她）们是和我们一样的普通人，有嬉笑怒骂的生活，也有难以圆满的工作，在号啕大哭和捧腹大笑中，挣扎并努力着。

申源浩的剧教给我的，不要用个人偏见去恶意揣测生活（或者是人），每个人都有你未曾了解的内心，和你从不知晓的故事。就好像对于某些家庭，得到了器官捐献是一件感恩幸福的事，鼓舞欢欣；但同时这也意味着另一个家庭失去了至亲至爱的人，生活总没办法让所有人都拥有一个happy ending，所以这份感情更加变得五味杂陈……

申源浩导演的剧真的是一部一部追过来的，从请回答系列1997—1994—1988，再到机智系列监狱生活—医生生活，真的每一部都很用心，很好看，编剧真的很有良心，很优秀。"
41,白开水啊白开水
42,第一集人物出场太多 比较混乱 剧情也没什么爆点 我担心我追不完12集
43,拍得好温暖好动人！要说原因，导演是以家庭片的视角来讲述这帮可爱的医生，以及医患关系的。烟火气和人情味都很足。
44,为了曹演员苦苦等了一年，终于开播。这个特殊时期，这个特殊类型，开篇神仙主创的实力和申源号的调度让整部剧的格局凌然不同。职业剧，不仅是简单的讲故事，塑造人物，更是通过人物来微缩这个职业的喜怒哀乐，直观和生活化的呈现医院这个特殊环境中的一切，医生、护士、院长、患者、家属一切围绕生命的组成元素在这个特殊环境里的化学反应，通过性鲜明的人物串联起来，且不急不缓，娓娓铺成，细节满满，非常期待后面的内容。
45,刷完来改了！除了最后一集草率外（可能是疫情导致拆成两季了？），整体还是挺好的。其实比较喜欢看非医生专业工作的片段，还是熟悉的味道，该撒糖也撒糖。惊喜是老年组有几个片段还不错。整体来说，感觉这个中年视角还是挺新颖也挺温情梦幻的（韩剧真的是独立于韩国社会存在的乌托邦，会造梦，想到骨感的韩国现实，本来的五星顿感无力）。另外五条线并进其实还是信息量有点大，尤其是有韩剧一贯的碎嘴大文本量。还有曹政奭永远都是主角妹控么？七封始终是有钱人设？看各个老人各部剧串场真的有趣///看了一集不怎么好看的样子
46,提前标吧，说实话，太虚假了，太套路了，比起看请回答1988的感动到不行，看这部就只想按快进键了，演员的演技依旧炸裂讨喜，问题出在剧本上，任何一种叙事模式用久了，都会变成套路，不断的欲扬先抑，不断的限制观众接收到的信息量。。。而些还这不是最大的问题，这部剧与之前明显的不同是脱离了平民视角，几个主角不是社会精英就是财团继承人，但是一个个还那么天真就实在让人难以忍受了，而现实韩国愈演愈烈的宗教问题和贫富差距问题在这部剧中也完全沦为了温情和搞笑的噱头，对于这样一部基于真情实感进行叙事的剧，这是无法遮蔽的缺陷。
47,目前看了三集的样子吧，说实话挺失望的，演员们都很好无可挑剔，这次是剧情的问题，温温吞吞啥都在讲，什么都没讲好，乱糟糟的不知道在讲啥，医疗剧什么的也没讲好，真的很失望嗨
48,跟机智的监狱生活差太多。导演是不是太过着急了点？人物线过多，而且太过于偏向于专业剧，看机智系列就是想求个下饭搞笑剧，如果真想看专业剧为什么不去看浪漫的金师傅？？期待了两个月，真的够失望
49,比1988差太多了。支线太多，人物太杂，每个故事都刻意直奔煽情而去，哭戏缺乏情绪过渡，加上梦幻得有点不真实的医院和医生，很难让人产生共鸣。
50,《请回答》系列和《机智的监狱生活》主创太令人期待。疫情期间，出现这样一部医疗剧真的太及时。我们从小到大都认为医生、警察、消防员、科学家、律师等需要极高专业性和职业良心的人都是神一般的存在，现在我们才明白，无所不能的战袍下包裹着的也只是平凡之人的血肉之躯。他们每天都面对着生离死别，每一台手术就牵扯一家人的命运，他们会因为救了一个人喜极而泣，也会因为没有救成一个人自责不已，他们也有竭尽全力却无能为力的时刻，他们的喜怒哀乐、悲欢离合与他人无异。《机智的监狱生活》最让人动容的观点是：“那里生活的也是人。”而我们身边无数的无名英雄也只是普通人而已，希望以后可以少一些医患矛盾，多一些尊重理解，希望那些奋战在一线的医生们都能平安回归平凡生活。
51,对不起我觉得不够好，要挑点刺1. 五个主角的人格固然可以神化，但医术再神化真的没有必要。2. 琐碎的病人戏份真的太多了！且基本都是生命垂危—被救活这一个套路。3. 对于编导从请回答系列到牢房频繁使用的打碎时间线，隐藏某个关键情节前因后果的套路有些厌倦。4. 几个主角的隐秘爱情戏过于粗略，各种细枝末节缺乏细致描摹。
52,又哭又笑又笑又哭 搞笑风格还是请回答内味 看到有人说没有羊叫了我：？不是非得羊叫才好笑 太多熟人面孔还有点出戏 成东日曹政奭自带笑点 不过人性人情刻画还没特别深刻（毕竟是第一集）郑少女我爱你！
53,大可不必因为申源浩就用那么厚重的滤镜看这部片子，看完前三集毫无亮点，医疗剧也不像，喜剧也没有笑点，生活剧更不是了，一集60分钟，55分钟都在职场，在职场做什么呢，也没有什么记忆点，甚至在看完第一集的时候竟然不知道在讲什么，很糟糕
54,节奏恰到好处，演员们看着确实也像医生，尽管主人公们的情感戏都很生硬（幸好没有更多发挥）……剧里以医生视角观察了各种人间关系：夫妇、父母与儿女、大家族，将他们置于各种道德、生死挑战之下，又很宽厚地给了大多数人完满的安排
55,"接近结束，感到失望。
如果说请回答系列过于完满的乌托邦，是对往事回望的温情视线。那么，用同样的笔调，去说正在进行时的中年故事如何纯洁高尚，变成了一种惺惺作态的说教和自恋。"
56,第一集也太乱了，看了一半了，东演一点西演一点，我都不知道谁是主角，在拍什么。。。
57,没什么新意，而且节奏和气氛处理都挺差。小细节倒是真实，编剧有认真取材了。但是整体缺乏大框架支撑，显得琐碎无趣。五个大龄同窗设定，以后万一胡搞瞎搞多倒胃口。
58,基本就是颜值，剧情一塌糊涂
59,太难了，一周一集等的太煎熬；另外机智系列还是和请回答系列不同的，热衷猜老公的还是收一收吧
60,不知道怎么打分，好像很难沉浸。一直连了四集多是因为知道一旦关上我下次不太可能再次打开来看了。艺能看多了看得编剧也是综艺爱好者里面几乎每个梗都在脑子里连上分别出处也是心塞，编导演都想重构几个经典的意图。对整个团队来说请回答和机智在前面的巨大风评成功在这次是不小的干扰和阻碍了吧，好像大家评价还是很不错但不是我的菜，总觉得像发动机在前面拖着个庞大的机器拉了好久还是没有形成任何一点推力回应，虽然有小亮点但整体看着超累。不过这个剧组一次次出剧我也还是会一次次看的，高峰总会再来的。（另外也说明大受欢迎一部分是在自己制造的预料中还有一大部分是完全不自知的，这后一部分它不可复制也无从复制，也正好是最大魅力+人的动力所在）
61,4.0。
62,看着机智系列时不时眼泪就流下来，渴望这么一群相互陪伴一生的朋友，一起成长，一起工作，相互见证对方最重要的时刻，在需要时就在身边。医生是一个依靠信仰的职业，救死扶伤，忍受着患者和家属的负面情绪，也为挽救生命而欣慰和雀跃。伟大之后也是平凡的患者和家属。
63,虽然我一直觉得医生是世上最帅气的职业。
64,因为这部剧，连周四都可以很美好。本群戏x医疗剧爱好者真的一级满足。
65,有《请回答1988》和《机智牢房生活》的各种影子，那两部我都是完全停不下来熬夜都要看完，这个没╮(╯_╰)╭
66,和机智监狱生活没得比，主角太多就凸显不出主次，没有主线剧情，看得出导演想沿用请回答系列的套路，但是没啥新意，医生们的日常其它医疗剧也讲述过了，整体分数虚高，5集弃。
67,不如监狱好看啊
68,看了两集多，都没被吸引，感觉很混乱，人物没有立起来。和《live》差太多，同样是平稳开头，live在第2-3集就稳稳抓住了我，从第4集就开始让我爱上。
69,真的是一集一集渐入佳境。看到第6集的时候又很想倒回去再看一遍。我太喜欢这种节奏慢慢的，很琐碎的生活剧了。虽然背景是医院，但却不是职场剧。
70,"是真烦韩剧一分钟能给你炸出十几个镜头来。最无语对话时这么搞，一张脸给不同角度、两张脸频繁切换，不累么，又多余又晕人。

鸡汤泛滥，乐队无感，线索巨多，每集没个重点，无主线，拆成情景喜剧还行。"
71,机智的监狱生活死忠粉来了
72,打分的真就是一些花痴呗，纯为了演员来的？剧情都尬成这样了还夸的这么起劲。。。。
73,就第一集来说…(观望一下)
74,演员挺好的，就剧情略显粗糙了，干脆改名《医生生活》跟机智什么的没啥关系
75,温吞，嘴炮噼里啪啦，看看后面的进展吧。
76,说实话 剪辑的太乱了 这次一般
77,不知为什么评论都说能比1988？！应该差得好远吧。明白导演想表达的那种小中见大，然后不经意种种小反转和小惊喜，可是太多了就不觉得有直抵人心那种感动了！适可而止吧
78,假假的，没有这么梦幻的医院，没有这么梦幻的教授
79,在大韩民国的中心医院呼唤真善美！
80,跟机智的监狱生活差太多。导演是不是太过着急了点？人物线过多，而且太过于偏向于专业剧，看机智系列就是想求个下饭搞笑剧，如果真想看专业剧为什么不去看浪漫的金师傅？？期待了两个月，真的够失望
81,医疗剧但医院的部分都不好看是怎么回事
82,打分的真就是一些花痴呗，纯为了演员来的？剧情都尬成这样了还夸的这么起劲。。。。
83,不是，我就不明白了，为什么韩剧在豆瓣评分这么虚高，9.4？这剧值9.4？？？
84,还不错，但比起1988差远了。差在哪里？大约是一看就都在演戏吧，病人们尤其刻意。
85,大可不必因为申源浩就用那么厚重的滤镜看这部片子，看完前三集毫无亮点，医疗剧也不像，喜剧也没有笑点，生活剧更不是了，一集60分钟，55分钟都在职场，在职场做什么呢，也没有什么记忆点，甚至在看完第一集的时候竟然不知道在讲什么，很糟糕
86,不可能圆满啊 这就是人生…
87,winter garden没看过瘾，易俊没看过瘾，秋敏河没看过瘾，颂和没看过瘾，病患没看过瘾，前史青春没看过瘾，实习医生也没看过瘾。
88,弃。是那些场景本身的设置带来的共感，但并不觉得是合力的作品带来的悲伤。
89,编剧可以一直呆在舒适区，但是导演不应该。
90,第一集也太乱了，看了一半了，东演一点西演一点，我都不知道谁是主角，在拍什么。。。
91,太散了，好几集了依然乏力，前几集群像做的很不好。虽然群像，反转，像散文是申导的一贯风格，但这次远不如请回答系列和监狱生活。人物角色同质化，人设过分完美不真实，医疗剧情老旧生硬不感人，btw别猜老公了，太心累了。
92,这不是平淡 是浮在表层
93,三位男主我都喜欢，但没有期待中好看，结尾几集还不错。竟然是这样结尾的，很多未完的事没交代，看来要拍续集啊。这几位主角也太完美了吧，善良，技艺高超，完美友谊。。太不真实了！
94,看不下去
95,基本就是颜值，剧情一塌糊涂
96,虽然我一直觉得医生是世上最帅气的职业。
97,和机智监狱生活没得比，主角太多就凸显不出主次，没有主线剧情，看得出导演想沿用请回答系列的套路，但是没啥新意，医生们的日常其它医疗剧也讲述过了，整体分数虚高，5集弃。
98,不如监狱好看啊
99,看了两集多，都没被吸引，感觉很混乱，人物没有立起来。和《live》差太多，同样是平稳开头，live在第2-3集就稳稳抓住了我，从第4集就开始让我爱上。
100,"第一次被推荐了之后，看了一半没看进去。这次为了看看结构，可算是看了两集。
细节还比较有趣，第二集比第一集好看多了，分香肠xswl！
风格是很别致的，轻松的医院日常不会有太大压力，也把医生拉下了神坛。

大设定有点假 高中同学全都当了医生 还全都这么厉害？
不过也算是符合社畜白日梦了吧：有个富二代好朋友帮持自己，还可以一起实现梦想。

没主题，没钩子，很琐碎，就是医生日常。每集大概三个主事件。
本来很期待乐队的戏份，但是情节有点普通，没燃到。

感觉就是1988一女四男长大了……
其实一直觉得1988被神话了 是很出挑没错，但是仔细想想也就还好，更多的是情怀加分吧。 
可能每一集有几个好看的点吧 但是整体也就那样

另外：基督教在韩国这么盛行了啊……有点吓人……"
101,我太喜欢女主了，哪个女生不想活成女主这样啊，但又太过理想化。比如，在我打开门看到四个男生蹲在里面的时候，就不可能进去跟他们一起，反而想着快点脱身离开……
102,《请回答1994》的“七封”柳演锡，《机智的监狱生活》的“李俊浩”郑敬淏，都是申导之前的常用班底，搭配《Oh我的鬼神大人》中可可爱爱的Chef曹政奭，单看男主阵容就足够吸睛。还有金大明、金海淑、成东镒等演遍各大经典剧的黄金配角，除了医生五人组，病人之间的点滴故事，也是本剧的一大泪点。比如颂华的同学要做乳腺癌手术，迟迟联系不上在印尼工作的丈夫，半夜忧郁失眠时，还一度认为隔壁床的老太太们在嘲讽和窥看自己。殊不知，老太太的一段话，却成了她的慰藉。
103,郑少女给我火！
104,4.5吧，结尾略仓促了点，有些强行。五位主角不必多说，形象自始至终很立体，贯穿全剧。而配角们的戏同样出彩，缺一不可。泪点接着笑点，真是一群“机智”的医生
105,是格蕾那种范式的医疗剧，但是节奏并不快所以会让我有些出戏。相对来说不如《请回答1988》，3.5星不能更多了。
106,翼华给我🔒死！！！！
107,这个片子专业到什么程度：里面的医疗术语 管子的位置 治疗方案 给的药甚至引流管的颜色 手术装备 我一个icu护士一点错都挑不出来！
108,"温馨向，不要当职场剧来看比较好。话说我难得及时追部剧，这季节有点错乱啊最后竟然是圣诞节？为了增加这种一家团聚感吗？五人的戏份比较平均，友情这点比较优秀，竟然还为了剧专门学了乐器真是值得夸。个人觉得最后非得由友情发展为爱情有点没意思就是了毕竟是有第二季，因为发展到后面只有结婚或狗血这两条路，“没有比两情相悦的爱情更不值得一提""。话说每次这种题材我都好怀念《ER》喔55555"
109,几乎不看韩剧 半集就入坑了。
110,太尼玛牛逼了。最后一集我爆哭。死亡与新生啊... 
111,第七八集最佳（哪怕正原戏份那么少），人物成长和医患关系结合最好的两集，安治弘x脑瘤警察，秋x大出血产妇两个病例最妙最难忘。最喜欢安大尉线，遗憾而完整、真实而心酸，所有线索都有始有终，人物非常饱满立体，变化也有迹可循。友情+医患+住院医成长+教授传帮带是本剧的精髓，神外都爱！俊完x载学最搭！感情线整体都不算好看，因为戏份少，还显得突兀，但演员们演得是真好，winter garden很心动，谁不想和柳演锡谈恋爱呢，但安教授还是本剧最大工具人，噱头大招都在此，李编你回头看看良心不会痛吗？「医生是神吗？」 以为神父line要讨论把患者悲喜都放到最大的医生如何处理医生的无力感，结果是我想多了。12集做出了那么多美妙的呼应，但正原线，我不满意。人物的话，还是最爱蔡教授，想做蔡教授这样的人啊。硕亨也很好。
112,原来真的有一集哭三次的剧……(´•̥̥̥ω•̥̥̥`)请这里所有官配马上结婚！太会了！
113,因为喜欢神仙阵容才看的～剧情没什么吸引点，但特别喜欢他们五个一起胡闹着，一起吃饭，一起玩，一起练团，一起回忆的时光。友谊很羡慕。太喜欢曹哥了，无比搞笑可爱。看结局感觉应该会出第二季。
114,温暖又搞笑，演员个个演技爆棚，只想问下一次让我大笑，让我冷不丁流泪，让我忍不住吐槽是什么时候？我等你。
115,A+  演员阵容太强大了吧，还有导演，也太机智了吧。看着看着笑了，却又想哭。几位主角的友情又酸又甜，后面他们之间会不会有loveline挺期待的。医患关系在这部剧表现的很融洽，这不就是我们大家都想看到的。多一点像这样温暖的医疗剧不好吗？韩剧总能让人耳目一新，不是因为我们拍不出，而是人家总能走在前面。 
116,喜欢的人是喜欢故意穿插打乱的时序故事剪辑，得意于自己的记忆力观察力？我却不喜欢这样大量混乱，需要看了后面再一点点明白前面已经放过内容及前因后果的编排，脸盲加名字和人对号难，太多的人事混在一块，看得太辛苦而不喜。给及格分是佩服他们场景还原度，和演员辛苦背那么多专业医学名词
117,每集都很生活很好看，大多数患者都强行HE，超有趣的一群人。但是感觉所有感情线都没达到1988的水平。//导演也爱，主演也爱，龙套也爱，题材也爱，终于等到完结可以开始看了～～～～
118,第一部有主线，这一部太散文了
119,想把之前看过的所有韩剧减一星，医疗剧减两星。
120,因为听说是1988的导演，所以来看看，结果有点失望，不太吸引我。有点平淡了。
121,全剧终见
122,没有社交能力、却最有共情能力的硕亨，没有明显缺点、却总是承受着伤口孤独的颂和，没有礼貌教养、却总在背影中呵护关照的俊完，没有金钱负担、却背负着情感重压坚持独行的正源，没有完整家庭、却在乐观宽容中保持孩童般初心的单亲爸爸李翼俊。练歌房、手术室、乐团、药房、生命、生活，笑泪交织悲伤温暖的平凡人生。
123,最近时间都花在这部剧上了，平淡细腻，非常温暖。
124,第一集就来猜儿子👦
125,最近看的几部韩剧，每部都是7-8集弃。过度美化生活，避重就轻，没有任何的激烈矛盾，5个主角全部是单身或离异，没有一点中年感，而且所有都是人生赢家……感受不到一点真实的东西，一切都是轻飘飘的喜剧处理。本来觉得国产剧其实可以学一下这种韩剧的套路（讨喜+能过审），但又觉得韩剧台词、道具、慢工出细活的精致，可能也不是国产职场剧学得来的。
126,啊啊啊啊啊啊啊申源浩不愧是你！！！为什么部部剧都这么好看啊啊啊啊啊
127,太精彩了，完全看不够，还分什么季啊！！
128,韩剧的浪漫从爱情延伸到职场，一样能给我很多力量。好好的，都成为了很酷的大人啊！
129,今天一看这周没有更新集，才知道原来第一季已经结束了。第一季感觉有点不温不火，希望第二季有点爆点吧。
130,哎呀，这么好的人，这么好的医院，这么好的医生，这么好的朋友，都在韩国_(:з」∠)_
131,有点无聊，比监狱生活差点
132,从监狱生活到医生生活 郑京浩怎么总是在觊觎自己朋友的妹妹？剧情也很稳 没让人失望 而且柳演锡比之前更有魅力了呀
133,卧槽！绝了绝了！我可以打10分吗！流泪神仙剧本神仙演员
134,申源浩真是太会拍了，他总是能将人类最美好的特质注入到不同背景的故事中，让其超越单纯的医疗行业剧所表现的救死扶伤，进而展现出伟大的友谊以及闪烁的情愫，所有近乎完美的人物构建了一个真善美的世界，好爱五个人默契的互动，期待第二季。
135,看完第一集 五个小伙伴就有一个没记住角色名字，隔了一周看了第二集，五个小伙伴就记住了女医生的名字，这样发展下去，第三集我是不是一个小伙伴名字也记不住啊。
136,還是稍微有點太大失控。
137,李有静稳定输出。五个角色非常可爱，故事有笑有泪，每个人物的爱情线都美好心动，每集的乐队演唱是不可少的形式感，所谓的机智，就是热爱繁忙的工作，扛起肩上的责任，认真享受生活。
138,最后一集烂尾了？
139,看不下去？有点无聊
140,这是我喜欢的电视剧的味道，难得，应该是第一部我打五分的韩剧，最近实在是被各种倒胃口的国产剧弄得有点抑郁。没有狗血，没有撕X，不过分煽情，节奏不紧不慢，不是成天就会瞎恋爱脑——这点实在是喜欢，克制笨拙但又勇敢的怦然心动，有种古典主义的浪漫。也不暗黑，暗黑刷高分容易，但毕竟现实生活已经如此艰难，所以就算再火也不想刷某角落。就是有点过份美化了，这样医术高超又温暖温柔的医生，一般人大概一辈子也很难遇上一个，这里却有五+N个！最后一集妇产科的镜头，真的太好哭了。曹主演唱歌，最开始还有惊艳的感觉，到后面听着也不太喜欢了，音色太尖太细，听着不太舒服，女主角几首OST还不错。默契的友谊日常的镜头，真想一直一直看下去。群演也都很给力呢。最后，第二季不知道会不会有疫情的描写。
141,Netflix同日開始更新。這劇⋯⋯真是趕上了時候。/半棄，一心追《夫妻的世界》啦。
142,"92/100  先88分预订~孤独的夜20200313--20200608，92/100,攒了几集终于找时间看完。哭得稀里哗啦。就让我看着这些好人活下去吧~"
143,每个人都喜欢
144,果然铅华洗尽，还是友情最弥久留香。
145,3.5……最后几个吻戏我脚趾头抓地
146,生平第一部完整看完的韩剧，纪念一下。唯一的缺点，对我这种韩剧脸盲来说，比较“不友好”，直到第三四集才认清五主角，看了一半，主要配角才堪堪分出来。（7/24）二刷之后，看到了更多细节和情节联系，越发喜欢，几乎立刻就三刷了；夹band的戏凸显出来，歌真好听，青春闪回令人共鸣，尤其练歌房里那段，形式不同，情感相似，让我情绪大爆发，即刻联系了大学死党闺蜜，追忆我们曾经的“五人帮”（3+2），我们自己的微信群名就是“五人帮”啊（泪目）。五大主人公，演员和角色契合度高得令人不辨戏里戏外，唯一的例外就是把我圈粉的郑少女，剧中高冷傲骄酷拽却是非常尽责医术医德都高的内心温暖的反差人设，和生活中软萌爱娇得一塌糊涂的郑可爱，又是反差得一塌糊涂（因为一开始不认识，还以为顶着一张idol面孔的郑演员就是剧中人那样的呢
147,五分预定先！！！
148,机智系列必看，每天中午吃饭的时候拌着眼泪看一集...群像做得太好了，每个人都有自己的个性和课题，内容非常丰富，而且不会刻意强调爱情部分，而是把每个科室的病例情况都描述得有血有肉。唯一觉得别扭的是组乐队的部分，虽然逻辑上都圆起来了，但还是觉得这个剧情设计怪怪的...
149,希望这个剧一直拍下去，希望一直看到医生们努力坚持，闪闪发光的样子，希望一直在这些笑中带泪的故事里得到治愈。
150,1
151,太太太太太太好看了！！！！！！！！！！
152,太好看了
153,后半程崩了
154,又哭又笑
155,"这个系列，看就完了，不会失望。
喜欢。
为什么没有羊咩咩叫了嘛～"
156,最后两集没看 嗑不到俊完翼顺 对WG非常抗拒 诶...
157,也算是每周一集追完了
158,第一集，莫名想到差不多20年前的一部台剧 大医院小医生。为嘛？那戏是讲实习医生的啊？
159,又哭又笑，从此爱上田美都。表演、细节、煽情都是请回答系列水准。不过人物设定和CP都过于理想化，就像是一部童话版的实习医生格蕾。
160,大结局很好哭！2020的最爱！每一周的安慰来自于此，而现实生活中的我进行着并不机智的住院生活，感触很多，许多场景皆有生活真谛。要健康地等着第二季！
161,太好看了！！！申导演的剧真的是要熬过前几集的
162,前几集有点儿乱，有些反转有点点刻意套路化…不过编剧真的太会写感情戏了，好细腻啊…
163,整体风格暖心又催泪。但是剧本跟机智的监狱生活比起来要散乱很多，另外因为一周播一集的原因，整体的故事线看起来很不连贯。胜在演员表演自然。下一季可能不会再追了。
164,值得为了看第二季再活一年！
165,终于等到郑少女新剧，群戏还蛮搞笑的，目测郑少女和唯一的女主有爱情线，希望不是炮灰
166,"很少对影视作品打3星以下，韩系更是从来没有。对比监狱生活，请问哪里机智了？导演你对得起观众不？哪怕有半点剧情也行啊？完全垃圾，完全没营养，完全浪费时间。
这是我看的第一部观众人均智力水平低下的剧，打开弹幕全是“哈哈哈哈哈哈哈”，好笑吗？要么就是泪目的哭死的，nt吗？
内容方面又回到了韩式肥皂剧，拖拖拉拉，不知所云，从第三集就开倍速，强迫症看完，乏味，强行感动，真的弱智，一集90分钟，最后一集快俩小时了，真是又长又臭。
奇葩的设定，四男一女连体婴儿，上班串门下班聚会，一到唱歌就尬的不行，拍偶像剧吗？尤其蔡颂华，有家庭的人天天跟男人扎堆，还有妇产科妈宝男，真让人想吐。
七拼八凑的，到底咋拍出来的啊，这也叫电视剧呢？这是流水账吧？
再看看《我亲爱的朋友们》，可真是差十条街，第二部必不可能追，告辞。"
167,短暂又快乐的追剧时光，是值得超五颗星推荐的剧！
168,苦苦等了一个多月想养肥了再看，结果还是只有六集...希望这部剧成为韩国格蕾这样每年都有申pd的作品看
169,四十岁时拥有的心境和友谊，真好。笑点和泪点都很足，下一季快来哦！
170,怎么大家都说好看，可能不戳我吧
171,这导演的请回答系列倒是挺喜欢的，但上一部机智就不喜欢，这部分好高，但暂时也没看进去。怎么说呢，相比请回答系列，机智系列感觉最缺的骨架、主题，你要说它是医疗剧，没啥手术画面，尽人与人互动去了，要说是剧情类，那剧情的主题是啥？爱情还是别的什么？就有种找几个大咖选个场景然后就演演他们的琐碎日常的感觉。曹政奭、柳演锡、郑敬淏都非常喜欢，里面有些资历较浅的也很可爱，但还是要对这部说不，一集弃
172,互相理解互相照顾充满欢乐的五人帮，好温暖的友情。Wuli七封这次终于有了完美爱情真是太好了。剧里选的老歌都超好听，最后一集听到假如爱有天意的歌太让人惊喜了，感动。期待新一季。
173,今年到目前为止最喜欢的韩剧，有笑点有泪点，温情治愈，人物群像塑造得好。
174,年度最温情治愈剧，人性的传承，生活的构建，美好的关系，是个理想国，却充满真实
175,友情戏太有chemistry，欺负观众没朋友
176,因为曹政奭看的，事实证明我对这种生活剧的确是无感，看了四集不是我的菜，也不明白为什么会有9.3分。。。
177,才看完三集就忍不住来打分，只能说导演和编剧太懂如何戳中我了。关于医院，关于手术，关于医生的一切都如此真实而浪漫。因为不想让孩子父亲在儿童节那天去世而延迟十分钟，让实习医学生触摸重新跳动的心脏……医者仁心大概就是这样吧
178,就这！！！机智在哪儿？动不动就唱歌凑时长……
179,人物刻画很饱满，虽然镜头转换得让本脸盲看到最后一集还是没能认全所有角色。更像是一种完美理想里的故事情节，亲人永远不放弃对方、医生永远包容坏脾气患者、坚持到最后一刻就会被救赎……看到最后有点审美疲劳了，永远的happy ending。五个主演都角色过分完美得可以马上建立自己的宗教，未免太过脱离实际。
180,又是申源浩，又是注定2020年度十佳韩剧。申源浩最厉害的就是这一点，杂乱无章的剧情人物线他懂得观众爱看什么，想看什么。编剧《监狱生活》《医生生活》每个人物形象层层深入，层层对比，意犹未尽，这才是职业剧 生活剧。太真实了 彩蛋细节做的特别好。李翼俊 蔡颂华 金俊元 安正原 杨硕亨 人物群象➕请回答1988➕机智生活。怎么能不好看！这剧本台词 艺术深度 一集质量就吊打国内狗血医学剧了。
181,友情讲的挺到位了，但是总觉得差点什么
182,"1회/来看七封和Chef，结果看到了德善阿爸和狗焕阿爸，Chef的锅盔帽子出场，我真得笑了一分多钟。关于大家好奇的感情线，申导演你要不要考虑一下七封？3회/恋爱频率那段，可以看十遍，满满的回忆。4회/吹爆五人小组的卡农，表白每一集的Music time。6회/Chef被少女敲过的鸡蛋早晚有一天要加倍还回去。9회/五人天团终于迎来了第一波粉丝。10회/Chef和度姐，加油。11회/安教授正在神父和母上大人未来老婆之间徘徊，且越来越倾斜后者。冲鸭，张冬天！请你向前冲！12회/有生之年，竟然等来了五人天团(又名Mido and Falasol)的《너에게 난, 나에게 넌》，泪流满面。最后感谢导演给七封安排了冬天，박수👏🏻👏🏻👏🏻。期待第二季！@2020.5.29"
183,“心脏跳的那么用力啊” 😭😭 刻画人物 回忆杀 铺展故事 乐队合奏 真的太喜欢太喜欢了。
184,只有我一个人看不懂这电视剧想表达什么吗。。。和1988差的不是一点半点
185,绝对可以期待刚刚看完曹演员电影来真的全是喜欢的人第四集确定可以追
186,确实有些笑点，笑喷的那种。但笑点占比好低，整体平淡如水是毫不夸张。。。。
187,可能是今年看完的第一部韩剧了吧。用了那么久时间，但是却真的朴实、感人偶尔搞笑，总体真的很好看。我没看下去的1988，在这里补回来了吧。只是结构还是有点散了。人物最后一集的情感走向让人有点没摸着头脑。
188,"太爱琐碎的日常戏了。看之前：这次绝对不猜老公了郑少女就是我心中的老公。看之后：群像戏诶，怎么会每个人都这么可爱啊，友谊天长地久！羡慕五人组的生活状态。40岁，工作如鱼得水，挚友都在身边，业余聚在一起吵吵闹闹，相处起来互相熟悉对方的习惯。中年组搞乐队，老人组狼人杀，列出来都寻常不过的事，寻常最难得。
虽说loveline无所谓，但也不得不感慨，李有静，你太会写初恋写细节了！为请回答疯狂又心碎的日子里自我安慰fine一般人都没有青梅竹马的故事。现在，20岁同窗开始一直未走散的友谊，令我不禁怅然，靠，我的大学青春又到底怎么挥霍掉的。
刷花絮还发现剧里的乐队排练片段都是他们实际演奏的，几位演员从去年夏天开始练习各自负责的乐器，我的妈呀，电视剧结束后直接演出吧！拉上罗PD再一起拍个花样系列综艺什么的"
189,郑少女可以
190,安社长每年都被天主教徒哥哥忽悠去工作哈哈哈哈，圣歌+鸡叫系列（剪辑还是有问题啊）
191,我太爱翼俊这个沙雕了！！
192,前两集非常散，像一篇流水账。五人组是不是线太多了？每个人好像还要再各自展开……说实话我看完前两集每个主治的方向都没记住。医学部分与五人组的感情部分仿佛自然隔离，不知道为什么要放在一起讲。这件事情告诉我，不要盲目迷信导演和编剧的前作，好本子就是好，不好的就是不好。
193,最喜欢的韩剧top3预定噢。你被绿被离婚、你癌症筛查、你一天之内母亲倒下父亲外遇......没关系啊，在所有操蛋的细碎生活里，乐队总在那儿，职业价值总在那儿。在差异个体间，生命的价值和趣味迥异：野营很重要，社恐的妈妈和电视剧很重要，天主教徒的长腿叔叔公益很重要，宇宙和夜店很重要，女票和美食很重要；在全世界最重要的事件排序中，却永永远远有一个默契共识：生命第一，伙伴也是。真好啊，没什么比这更好。双门洞夫妇客串、棒球大联盟两位部长客串，亲切可爱。郑京浩这对太甜了！给我锁死！！
194,虽然从海报站位，以及番位来看，都是肝移植欧巴是第一男主。虽然我从未播出的剧情推测，心外科欧巴和小儿外科欧巴都跟颂华欧尼表白过。但是我还是不希望颂华欧尼跟肝移植欧巴在一起。喜欢春夜里的前男友跟欧尼在一起。
195,我也想搞个机智的产品经理生活 然后和好朋友们搞个乐队😂
196,哈哈哈哈德善阿爸和金社长叫阿妈的时候 笑死了
197,韩剧对于人类情感的把握，已经到了登峰造极的地步。又好笑又好哭，还带着人生淡淡的喜悦与忧伤。忙碌又充实的医生，脱下手术服也是乐手，职业和生活好难两全，但朋友可以撑起一柄温暖。医患关系的矛盾尖锐蠢萌，却难以掩盖悬壶济世的热忱与初衷。那些平凡日子里的惊心动魄，都是用力活过的证明。某种意义上，我们都是英雄。
198,好几次看得昏昏欲睡。有神剧「请回答」在那对比着，这种剧就对比下去了，很多医患的情感戏过多得堆砌似的，非医学专业，说话太快内容太丰富，看起来吃力。
199,结尾结得好！好哇！！好了冷静一点…除了五个主角让人提心吊胆的情感线以外，数不清的医患线更让我感动。对比现实常常遭遇的冰冷，剧中对许多病例的描写温暖得像童话，即使是生死的残酷抉择也尽量使用柔软的笔触。这样的表现风格与请回答系列高度适配，放到机智系列里多少有美化的成分，但既然选择了观看，其实也是我自己选择了相信和怀抱希望，这些温柔一定是存在的。看完以后能让人更好地活，哪怕是观看时多了那么一点点安慰，这个作品就很有意义了。
200,童话故事（人际关系上）
201,巨吗好看 五个人都太值得被爱了吧 啊啊啊 本来爱郑少年女 后面发现我最爱的是曹叔啊啊啊啊
202,就医疗剧的题材来说还是顺利的手术和康复的患者比较多，偶有几个不太顺的还都是挺感触的，我最触动的是儿童节前出院然后第二天车祸脑死亡还要捐遗体的爸爸。但比起看病手术的部分更多是围绕五个医生，设定是40岁但大家都如20岁那般生活着，韩剧讲青春和成长的部分很细腻，能想起很多《请回答1988》里的事情，剧里的角色都算很精英的阶层了。
203,又哭又笑好感动啊啊啊啊啊
204,真·正能量剧。还是更喜欢hospital playlist这个翻译，不仅有医生，还有音乐。原声好好听，真弹真敲真唱什么的也都好好。曹政奭的音乐才华也是展示了一把，角色也超可爱。CP超多，不过黄的也多😂只不过好多坑没填啊，下一季开始之前还能记着吗。
205,我从来没有在一个韩剧里面如此不希望男女主在一起，安大尉意难平，说实话这个剧看的我一直很夹生，与监狱生活没法比啊。
206,"10分。太憧憬了！最近被工作饭局以及伴随着的情感干涉伤得不行，情绪低落，正好这部剧稍稍治愈了我，太过美好的生活不敢奢望，但求至少平平淡淡。就像医生遇到不配合的患者，我遇到刁难的客户，希望自己能不断完善自己，咬紧牙关，用实力克服一个又一个难关。情感中他们的勇气都值得我学习，我真的是一个很胆小的人，一个不自信，容易放弃的人，注孤身的节奏啊，哈哈……Be kind, always！"
207,emmm....... 
208,数年一度的猜老公大戏来了！
209,最圈粉的是，虽然这是一部医生职场剧，五个医生却在每一集都要来一场乐队现场演奏。以别样的方式延续了《请回答1988》优良的流行音乐传统。曹政奭算是好好过了一把主唱的瘾。郑京浩继《机智的监狱生活》之后再次“染指”朋友妹妹，不负众望塑造剧中最养眼CP。五人团中唯一的女性到底情归何处，是下一季最大的看点。网飞在整个亚洲的内容铺排，不服不行。
210,编剧是天使！
211,对生命的敬畏和同理心。把自己的幸福建立在他人的幸福上，光这一点就令人泪目。
212,这个结尾😢少给一颗星…。 有第二季我也不接受🤭
213,多么治愈的友情、爱情和人间真情，演员们把医务工作者演得特别贴切和真实，几乎会让人觉得演员就是角色本人。非常佩服编剧整合众多人物故事线的能力，我一开始想，这肯定是好几个编剧的集体工作，后来发现编剧只有一人，实在是令人惊叹。
214,天呐，申pd真的绝了吧，这都是什么神仙剧情！我也想有这么一帮好朋友啊啊啊！而且每个单元的小故事意义也很深长啊，感触好深。郑少女和妹妹也太甜了，我也想和欧巴谈恋爱！最近的剧情阿泽爸爸送金龟的时候，背景音有一声熟悉且久违的“咩～～～”真是又好笑又好哭
215,希望张冬天能赢过上帝 有幸福的结局
216,又笑又哭的第一集结束了，三季也不够看呢！来个三十季吧！
217,卡司很贵系列…撑过一二集熬完整个夜
218,安政源跟张冬天下集快在一起吧！！！！
219,对标《请回答1988》，有不满足的地方，最后给了四星。我以为有完美无瑕的亲情，但好的爱情和友情都是白璧微瑕的，这里面的故事都太光滑了，以至于我还是觉得太过乌托邦的美好了。例举有些细节我是很不能接受的，还是为了感动而感动。妻子分娩结束的时候丈夫在一旁清唱歌曲，大家都感动得热泪满盈，真的是什么鬼。分娩的生理痛苦只会让妻子和丈夫一时陌路，还顾得上感动，简直是鳄鱼的眼泪，败笔。另外就是李翼俊和蔡颂和模棱两可的友情线转爱情线，大可不必，不在我的趣味。
